{"cluser_0": [-87.87926103689075, 43.076713051512606], "cluser_1": [-87.88438510930327, 43.06500185626258], "cluser_2": [-87.90369436336405, 43.06870363018433], "cluser_3": [-87.88877658333334, 43.08904956589147], "cluser_4": [-87.88522159191001, 43.07197351761609], "cluser_5": [-87.89377586975881, 43.0553112174397], "cluser_6": [-87.88816635815722, 43.077981578951814]}