{"cluser_0": [-87.90278017936117, 43.07031832358722], "cluser_1": [-87.88529073273921, 43.072025115619134], "cluser_2": [-87.88443924615997, 43.064935196378826], "cluser_3": [-87.88803983584603, 43.07860018821171], "cluser_4": [-87.89537470719557, 43.05489136678967], "cluser_5": [-87.8888414877612, 43.08983744477612], "cluser_6": [-87.879228980779, 43.07665674521592]}