{"Cunningham Hall (Cunn)": [-87.88534228842896, 43.07759461928042], "UWM Golda Meir Library (Lib)": [-87.87994058161593, 43.07759089909665], "Sandburg Residence Hall (Sand)": [-87.88273815980008, 43.07898596800496], "UWM Union (Union)": [-87.8828423249452, 43.0749421282627], "Non-Peak Hours UWM KIRC (KIRC-S)": [-87.87791680165286, 43.07941564922871], "Cambridge Commons (CC-S)": [-87.89195890443179, 43.0602355490372], "Cambridge Commons - Northbound (CC-N)": [-87.8917989365303, 43.060801016968036], "RiverView Residence Hall (RVW)": [-87.89545215697821, 43.060648489434065], "Kenilworth Square Apartments (KNW)": [-87.88552884804454, 43.05995187026254], "Capitol and Humboldt Park and Ride (C/H)": [-87.9028010129797, 43.094042603657066]}